{
  "left_camera_matrix": [
    [
      1000.0611440256292,
      0.0,
      988.0145793823278
    ],
    [
      0.0,
      1000.4085089133481,
      606.5268322315351
    ],
    [
      0.0,
      0.0,
      1.0
    ]
  ],
  "left_distortion": [
    [
      0.07238347285625159,
      -0.13984274658860046,
      0.0010139502412446488,
      -0.0002187548714614688,
      0.05796166890242859
    ]
  ],
  "right_camera_matrix": [
    [
      1000.7616145236483,
      0.0,
      963.4369281421789
    ],
    [
      0.0,
      1001.1807534758645,
      512.1944671394912
    ],
    [
      0.0,
      0.0,
      1.0
    ]
  ],
  "right_distortion": [
    [
      0.06405550904033938,
      -0.09273112223197048,
      0.0004624409059099165,
      -0.0007933681752384865,
      0.004991996544228194
    ]
  ],
  "rotation": [
    [
      0.999998691317952,
      -0.0008403950289213936,
      0.001382424890778654
    ],
    [
      0.0008482145426126056,
      0.9999835909176892,
      -0.00566554740984692
    ],
    [
      -0.0013776409085754719,
      0.005666712588343163,
      0.9999829950924006
    ]
  ],
  "translation": [
    [
      -65.02856409583048
    ],
    [
      -0.42088212396038915
    ],
    [
      0.0173519231449318
    ]
  ],
  "essential_matrix": [
    [
      0.0005651062781021376,
      -0.019736656445851607,
      -0.42077665875553133
    ],
    [
      -0.07223410968755672,
      0.3684836002937696,
      65.02748227883717
    ],
    [
      0.3657233994082099,
      -65.02785074401442,
      0.36900425080344346
    ]
  ],
  "fundamental_matrix": [
    [
      8.507272888400148e-11,
      -2.9701815086092245e-09,
      -6.16313632168819e-05
    ],
    [
      -1.0869778716644063e-08,
      5.543010730727289e-08,
      0.0097630443994466
    ],
    [
      6.058446586301921e-05,
      -0.009819063692786144,
      1.0
    ]
  ],
  "rectify_rotation_left": [
    [
      0.9999835686456392,
      0.005630133942353721,
      0.001078902462459029
    ],
    [
      -0.005627052355760397,
      0.9999801400137951,
      -0.002838284653836183
    ],
    [
      -0.0010948609582386462,
      0.00283216697633224,
      0.9999953900442243
    ]
  ],
  "rectify_rotation_right": [
    [
      0.9999790199501362,
      0.006472129589270275,
      -0.0002668298053629697
    ],
    [
      -0.00647134704577891,
      0.9999750387459972,
      0.002836115715965581
    ],
    [
      0.00028517885340030466,
      -0.0028343294658437815,
      0.9999959426165191
    ]
  ],
  "projection_left": [
    [
      1133.2159163344318,
      0.0,
      973.9336318969727,
      0.0
    ],
    [
      0.0,
      1133.2159163344318,
      556.5132064819336,
      0.0
    ],
    [
      0.0,
      0.0,
      1.0,
      0.0
    ]
  ],
  "projection_right": [
    [
      1133.2159163344318,
      0.0,
      973.9336318969727,
      -73692.94993153306
    ],
    [
      0.0,
      1133.2159163344318,
      556.5132064819336,
      0.0
    ],
    [
      0.0,
      0.0,
      1.0,
      0.0
    ]
  ],
  "disparity_to_depth": [
    [
      1.0,
      0.0,
      0.0,
      -973.9336318969727
    ],
    [
      0.0,
      1.0,
      0.0,
      -556.5132064819336
    ],
    [
      0.0,
      0.0,
      0.0,
      1133.2159163344318
    ],
    [
      0.0,
      0.0,
      0.015377534993337686,
      -0.0
    ]
  ],
  "baseline_mm": 1625.748210674288,
  "image_size": [
    1920,
    1080
  ],
  "checkerboard_size": [
    11,
    8
  ],
  "square_size_mm": 25.0,
  "calibration_date": "2026-01-06T13:45:13.672724",
  "reprojection_error": 0.12582156628406602
}