{
  "left_camera_matrix": [
    [
      1009.4227863286723,
      0.0,
      975.6984855742896
    ],
    [
      0.0,
      1009.1132601953515,
      565.8371193779603
    ],
    [
      0.0,
      0.0,
      1.0
    ]
  ],
  "left_distortion": [
    [
      0.03557719030540865,
      0.020183248401438144,
      -0.000795390849206791,
      0.0004709884406446608,
      -0.13636658279411726
    ]
  ],
  "right_camera_matrix": [
    [
      1004.5685078136705,
      0.0,
      976.1629826038155
    ],
    [
      0.0,
      1004.2135358854549,
      527.057202666254
    ],
    [
      0.0,
      0.0,
      1.0
    ]
  ],
  "right_distortion": [
    [
      0.04916766186423046,
      -0.06381266948547523,
      0.0005560190353098875,
      0.0005268604155511556,
      -0.01189178299870985
    ]
  ],
  "rotation": [
    [
      0.9999619017340422,
      -3.8875857168290824e-05,
      -0.008728892776603955
    ],
    [
      4.623961202595772e-05,
      0.9999996432634136,
      0.0008434067487680777
    ],
    [
      0.008728856874528243,
      -0.0008437782370488593,
      0.9999615468086513
    ]
  ],
  "translation": [
    [
      -65.6006576328522
    ],
    [
      0.225140343388965
    ],
    [
      -1.2753858240661755
    ]
  ],
  "essential_matrix": [
    [
      0.0020241911798126425,
      1.2751954005673571,
      0.2262073550355609
    ],
    [
      -0.7027184827257559,
      -0.05530282552956296,
      65.60926778431873
    ],
    [
      -0.2281651148898755,
      -65.60062547817371,
      -0.05336281145404159
    ]
  ],
  "fundamental_matrix": [
    [
      7.617199977094827e-10,
      4.800138384968688e-07,
      -0.0001864270426656165
    ],
    [
      -2.6453229153853487e-07,
      -2.082465568823262e-08,
      0.025200652561988977
    ],
    [
      5.242739985895154e-05,
      -0.025264042655745993,
      1.0
    ]
  ],
  "rectify_rotation_left": [
    [
      0.9999365994984902,
      -0.0034865827153857127,
      0.010707040878069098
    ],
    [
      0.003482148798062679,
      0.9999938436747133,
      0.00043272672800917977
    ],
    [
      -0.010708483699572956,
      -0.00039541578339323107,
      0.9999425843633295
    ]
  ],
  "rectify_rotation_right": [
    [
      0.9998051785800942,
      -0.0034313144006469665,
      0.019437874521399882
    ],
    [
      0.003439363291185516,
      0.9999940129181752,
      -0.00038066777571416164
    ],
    [
      -0.019436451954433956,
      0.0004474475255651576,
      0.9998109942014715
    ]
  ],
  "projection_left": [
    [
      1069.5179067938523,
      0.0,
      961.6842193603516,
      0.0
    ],
    [
      0.0,
      1069.5179067938523,
      543.662712097168,
      0.0
    ],
    [
      0.0,
      0.0,
      1.0,
      0.0
    ]
  ],
  "projection_right": [
    [
      1069.5179067938523,
      0.0,
      961.6842193603516,
      -70174.74958014298
    ],
    [
      0.0,
      1069.5179067938523,
      543.662712097168,
      0.0
    ],
    [
      0.0,
      0.0,
      1.0,
      0.0
    ]
  ],
  "disparity_to_depth": [
    [
      1.0,
      0.0,
      0.0,
      -961.6842193603516
    ],
    [
      0.0,
      1.0,
      0.0,
      -543.662712097168
    ],
    [
      0.0,
      0.0,
      0.0,
      1069.5179067938523
    ],
    [
      0.0,
      0.0,
      0.015240779813149329,
      -0.0
    ]
  ],
  "baseline_mm": 1640.3360134125605,
  "image_size": [
    1920,
    1080
  ],
  "checkerboard_size": [
    11,
    8
  ],
  "square_size_mm": 25.0,
  "calibration_date": "2026-01-06T13:45:21.132252",
  "reprojection_error": 0.21743514662581606
}